index,pinyin,pinyin_adjust,event,time,ct_time_1,ct_time_2,ct_chosen,target
1,caojinlong,caojinlong,1,13,2016.5.9 2020.6.10 2021.5.10,2016.5.9 2020.6.10 2021.5.10,20200610,1
2,chaguohua,chaguohua,0,61,2017.11.16 2019.12.26 2020.5.15 2021.11.2 2022.11.2,2017.11.16 2019.12.26 2020.5.15 2021.11.2 2022.11.2,20171116,0
3,chenmeiying,chenmeiying,0,40,2019.8.14 2020.10.23 2021.10.29 ,2019.8.14 2020.10.23 2021.10.29 ,20190814,0
4,chenzhiliang,chenzhiliang,0,31,2020.5.8 2020.11.13 2021.5.29 2022.3.3,2020.5.8 2020.11.13 2021.5.29 2022.3.3,20200508,0
5,daiyixi,daiyixi,1,9,2019.6.3,2019.6.3,20190603,1
6,dengzhuangzhi,dengzhuangzhi,0,21,2021.3.23,2021.3.23,20210323,0
7,gongxianghua,gongxianghua,1,37,2016.1.23 2018.10.24 2019.10.23 2020.10.22,2016.1.23 2018.10.24 2019.10.23 2020.10.22,20181024,0
8,guchenglin,guchenglin,1,21,2019.5.13 2019.11.20 2020.8.12 2021.1.24,2019.5.13 2019.11.20 2020.8.12 2021.1.24,20190513,0
9,liangjinmei,liangjinmei,1,6,2019.8.23,2019.8.23,20190823,1
10,louguorong,louguorong,0,26,2012.3.7 2012.4.10 2020.10.19 2021.9.8 2022.10.17,2012.3.7 2012.4.10 2020.10.19 2021.9.8 2022.10.17,20201019,0
11,shangganshan,shangganshan,1,15,2021.3.8,2021.3.8,20210308,1
12,shisuoguang,shisuoguang,1,44,2017.5.8 2018.5.14 2021.2.18 2022.2.22,2017.5.8 2018.5.14 2021.2.18 2022.2.22,20180514,0
13,wengzhiliang,wengzhiliang,1,15,2020.1.31 2020.3.9,2020.1.31 2020.3.9,20200309,1
14,yanglonggen,yanglonggen,0,42,2019.6.18 2019.12.18 2020.9.26 2021.6.26,2019.6.18 2019.12.18 2020.9.26 2021.6.26,20190618,0
15,yangzhilong,yangzhilong,0,18,2021.6.5,2021.6.5,20210605,0
16,yehuaxiang,yehuaxiang,1,26,2019.3.7 2019.3.25,2019.3.7 2019.3.25,20190325,0
18,zhangzhongyun,zhangzhongyun,1,26,2017.4.15 2018.4.4 2018.11.22 2019.12.23 2022.3.11 2021.2.18 2021.11.16 2022.3.30,2017.4.15 2018.4.4 2018.11.22 2019.12.23 2022.3.11 2021.2.18 2021.11.16 2022.3.30,20200311,0
19,zouxueming,zouxueming,1,9,2021.1.21,2021.1.21,20210121,1
20,lidinglan,lidinglan,0,18,2021.6.16 2022.9.23,2021.6.16 2022.9.23,20210616,0
23,yufengzhang,yufengzhang,0,18,2021.6.29,2021.6.29,20210629,0
25,zhushunren,zhushunren,1,41,2018.5.18 2019.2.3 2020.7.21 2020.11.2 2021.7.14 2022.1.12,2018.5.18 2019.2.3 2020.7.21 2020.11.2 2021.7.14 2022.1.12,20190203,0
26,dingniansheng,dingniansheng,0,21,2021.3.14,2021.3.14,20210314,0
27,zhangmengwu,zhangmengwu,1,4,2020.5.9 2020.5.17,2020.5.9 2020.5.17,20200509,1
28,wangzhiwen,wangzhiwen,0,21,2021.3.22£¨ÃÅÕï£©,2021.3.22£¨ÃÅÕï£©,20210322,0
29,gaozexiang,gaozexiang,0,38,2019.10.21,2019.10.21,20191021,0
30,jifangbin,jifangbin,0,36,2019.12.9,2019.12.9,20191209,0
31,liangyinchen,liangyinchen,0,23,2020.12.29 2021.12.24,2020.12.29 2021.12.24,20201212,0
32,linchengyou,linchengyou,1,14,2020.10.27,2020.10.27,20201027,1
33,gongxianming,gongxianming,0,21,2021.3.2,2021.3.2,20210302,0
34,huangguangrong,huangguangrong,1,15,2018.5.10,2018.5.10,20180510,1
35,wangyinpu,wangyinpu,0,45,2015.8.15 2022.9.8,2015.8.15 2022.9.8,20220908,0
36,liangjunbin,liangjunbin,0,41,2019.8.5,2019.8.5,20190805,0
37,daihuibiao,daihuibiao,0,37,2019.11.13,2019.11.13,20191113,0
38,dongshouhua,dongshouhua,0,38,2019.9.9 2020.7.28,2019.9.9 2020.7.28,20190909,0
39,guweichao,guweichao,0,25,2021.1.25 2021.11.8,2021.1.25 2021.11.8,20211108,0
40,shiguangxiang,shiguangxiang,0,59,2018.5.3,2018.5.3,20180503,0
41,wangguangsheng,wangguangsheng,1,13,2017.8.12 2019.2.13 2019.6.13,2017.8.12 2019.2.13 2019.6.13,20190613,1
42,wanghaiqing,wanghaiqing,0,43,2019.5.30,2019.5.30,20190530,0
43,zhuyingeng,zhuyingeng,0,45,2014.3.24 2015.6.24 2018.1.15 2018.6.12 2019.3.1,2014.3.24 2015.6.24 2018.1.15 2018.6.12 2019.3.1,20190301,0
44,tongyuding,tongyuding,1,11,2021.8.14,2021.8.14,20210814,1
45,maweimin,maweimin,1,4,2019.10.28,2019.10.28,20191028,1
46,limaoqing,limaoqing,0,29,2020.6.16 2020.7.1,2020.6.16 2020.7.1,20200701,0
47,chengyongcen,chengyongcen,0,43,2019.4.28 2020.1.6 2022.2.20,2019.4.28 2020.1.6 2022.2.20,20190428,0
48,huangminqing,huangminqing,1,1,2020.5.29,2020.5.29,20200529,1
49,wangdebao,wangdebao,1,14,2020.9.2,2020.9.2,20200902,1
50,guhualin,guhualin,1,17,2019.7.26,2019.7.26,20190726,1
51,tangjianguo,tangjianguo,1,12,2021.2.25,2021.2.25,20210225,1
52,xianghuifen,xianghuifen,1,20,2020.12.30,2020.12.30,20201230,0
53,zhengjun,zhengjun,1,3,2018.6.12 2018.4.11,2018.6.12 2018.4.11,20180411,1
54,xumingying,xumingying,0,37,2019.11.1,2019.11.1,20191101,0
55,chenchangxiu,chenchangxiu,0,18,2021.6.1,2021.6.1,20210601,0
56,yaozhongguang,yaozhongguang,0,18,2021.6.17,2021.6.17,20210617,0
57,huminggui,huminggui,1,11,2018.10.19,2018.10.19,20181019,1
58,jiangrufa,jiangrufa,0,47,2019.11.27 2020.10.09,2019.11.27 2020.10.09,20191127,0
59,peijiayun,peijiayun,0,42,2015.4.22 2019.6.19 2019.12.27 2020.12.25,2015.4.22 2019.6.19 2019.12.27 2020.12.25,20190619,0
60,zhangfan,zhangfan,1,8,2020.5.5 2020.3.25 2020.2.12 2019.9.20 2019.7.3 2019.1 7,2020.5.5 2020.3.25 2020.2.12 2019.9.20 2019.7.3 2019.1 7,20190920,1
61,xuqianhong,xuqianhong,1,1,2019.11.5,2019.11.5,20191105,1
62,zhangjianxin,zhangjianxin,1,12,2021.12.16 2021.10.1 2021.9.3 2021.4.17,2021.12.16 2021.10.1 2021.9.3 2021.4.17,20210417,1
63,fengyongli,fengyongli,1,16,2020.1.10,2020.1.10,20200110,1
64,jitianhu,jitianhu,0,44,2019.4.2,2019.4.2,20190402,0
65,wangjingming,wangjingmin,1,2,2019.2.13 2019.1.28,2019.2.13 2019.1.28,20190213,1
66,yanmutang,yanmutang,1,18,2019.12.25,2019.12.25,20191225,0
67,zhangdage,zhangdage,0,39,2019.9.17,2019.9.17,20190917,0
68,lushengping,lushengping,0,22,2018.2.28,2018.2.28,20180228,0
69,chenshouxi,chenshouxi,1,28,2018.10.5 2018.6.15 2018.6.7 2016.8.8 2016.8.1,2018.10.5 2018.6.7 2016.8.1,20180607,0
70,gushuhui,gushuhui,0,57,2021.10.6 2021.4.10 2018.3.2£¨CT´ò²»¿ª£©,2021.10.6 2021.4.10 ,20210410,0
71,wangcanyin,wangcanyin,0,26,2020.11.10 2020.10.5,2020.11.10 2020.10.5,20201005,0
72,maweizheng,maweizheng,1,20,2020.6.19 2022.1.28 2022.2.3,2020.6.19 2022.2.3,20200619,0
73,zhujialong,zhujialong,1,14,2018.9.14,2018.9.14,20180914,1
74,chenjichun,chenjichun,1,12,2015.9.17 2016.1.20 2018.3.17 2019.3.7,2015.9.17 2016.1.20 2019.3.7,20190307,1
75,xieyuwei,xieyuwei,1,43,2021.1.4 2021.8.20 2022.2.23 2022.7.13 2022.8.5 2022.9.9,2021.1.4 2021.8.20 2022.2.23 2022.7.13 2022.9.9,20210820,0
77,hexiuzhi,hexiuzhi,0,19,2021.10.29 2021.4.13,2021.10.29 2021.4.13,20211029,0
78,jiangruheng,jiangruheng,0,20,2021.4.13 2021.2.26,2021.4.13 2021.2.26,20210413,0
79,zhanglande,zhanglande,1,8,2021.8.25 2022.3.13,2021.8.25 2022.3.13,20210825,1
81,guyindi,guyindi,0,26,2021.7.29 2022.1.4 2022.6.25,2021.7.29 2022.1.4 2022.6.25,20210729,0
83,zhujuncai,zhujuncai,0,38,2021.2.10 2021.5.17 2021.8.9 2021.11.22 2022.2.8 2022.6.7,2019.08.21 2020.11.04 2021.8.9 2022.6.7,20190821,0
86,jiangyong,jiangyong,0,46,2019.4.21 2020.6.8 2021.5.10 2021.12.06 2022.1.14,2019.4.21 2020.6.8 2021.5.10 2022.1.14,20200608,0
87,huxiaodong,huxiaodong,0,20,2020.9.15 2021.4.28 2021.8.10 2021.11.16 2022.9.22,2020.9.15 2021.8.10 2022.9.22,20200915,0
88,zhangbingyong,zhangbingyong,0,55,2018.5.15 2020.12.16 2021.1.05 2021.3.3 2021.8.2 2022.1.5,2018.5.15 2020.12.16 2021.8.2 2022.1.5,20180515,0
89,wanglixia,wanglixia,0,42,2020.3.26 2020.10.28 2021.3.3 2021.6.9 2021.10.24 2021.12.20,2020.3.26 2020.10.28 2021.6.9 2021.12.20,20201028,0
90,huangweilun,huangweilun,1,3,2018.1.2 2020.5.7 2021.2.22 2021.4.12 2021.4.25,2018.1.2 2020.5.7 2021.4.12 2021.4.25,20210412,1
91,helonggen,helonggen,0,20,2021.3.10 2021.9.27 2022.8.3,2021.3.10 2021.9.27 2022.8.3,20210927,0
92,hushouze,hushouze,1,6,2021.3.10,2021.3.10,20210310,1
93,liuxiaowei,liuxiaowei,0,135,2021.9.16,2020.10.14 2021.9.16,20201014,0
94,liuyude,liuyude,1,3,2022.2.23 2022.5.8,2019.6.26 2020.12.15 2022.2.23,20220223,1
96,zhujuan,zhujuan,0,25,2016.6.7 2020.3.9 2020.5.9 2020.6.9 2020.10.29 2020.11.24 2021.5.25 2022.1.10 2022.6.20,2020.3.9 2020.6.9 2020.11.24 2021.5.25 2022.1.10 2022.6.20,20201124,0
97,yangyucai,yangyucai,1,36,2018.9.10£¨ÃÅÕï£© 2019.11.12(ÃÅÕï) 2020.3.18£¨ÃÅÕï£©,2018.9.10 2019.11.12 2020.3.18,20191112,0
98,gushanqiang,gushanqiang,0,36,2022.1.3 2022.9.18,2022.1.3 2022.9.18 ,20220103,0
100,tangxingqing,tangxingqing,0,25,2021.4 2021.11,2021.4.20 2021.11.3,20210420,0
104,luoguihua,luoguihua,1,6,2020.8.27 2020.8.20£¨×¡Ôº£©2020.6.25£¨ÃÅÕï£©,2020.8.27 2020.6.25,20200827,1
108,zhiziyang,zhiziyang,1,3,2021.4.16 2021.4.28 2021.6.16,2021.4.16 2021.6.16,20210416,1
109,xuquanfu,xuquanfu,1,35,2018.2.7 2018.5.24 2018.10.11 2019.4.11 2020.10.15 2021.1.8 2021.3.3,2018.2.7 2018.5.24 2018.10.11 2019.4.11 2020.10.15 2021.3.3,20180524,0
111,lilongfa,lilongfa,0,19,2021.10.11,2021.10.11 2023.3.1,20211011,0
112,sundeming,sundeming,1,37,2022.1.5 2021.10.26 2021.9.26 2021.7.23 2021.4.30 2021.1.4 2020.12.23 2020.9.9 2020.6.29 2020.4.20 2019.11.12 2019.5.15 2019.3.15 2018.8.6,2022.1.5 2021.10.26 2021.4.30 2020.12.23 2020.6.29 2019.11.12  2019.3.15 2018.8.6,20190315,0
115,wangzhaoqiu,wangzhaoqiu,1,14,2020.4.13 2020.7.13 2020.11.11 2020.12.2 2020.12.17 2021.5.31 2021.9.8,2020.4.13 2020.11.11 2021.5.31 2021.9.8,20201111,1
116,nieqiaolin,nieqiaolin,0,32,2020.7.22 2020.4.22 2020.1.7 ,2020.7.22 2020.4.22 2020.1.7,20200422,0
117,zhengshiyang,zhengshiyang,1,7,2020.4.17 2019.5.29,2020.4.17 2019.5.29,20200417,1
118,chenyulan,chenyulan,1,18,2020.4.8,2020.4.8,20200408,0
119,dongqinfeng,dongqinfeng,0,33,2019.8.3 2020.3.17 2022.10.19,2019.8.3 2020.3.17 2022.10.19,20200317,0
120,chenfubao,chenfubao,1,5,2019.12.6 2020.1.23,2019.12.6,20191206,1
121,liruilian,liruilian,0,53,2019.10.3 2020.10.27,2019.10.3 2020.10.27,20191003,0
122,zhongwenhua,zhongwenhua,1,22,2019.5.17 2019.1.16,2019.5.17 2019.1.16,20190116,0
123,jingzhengrong,jingzhengrong,0,36,2019.12.30,2019.12.30,20191230,0
124,yangerxi,yangerxi,0,37,2023.2.27 2022.12.31 2020.10.30 2018.1.23,2023.2.27 2020.10.30 2018.1.23,20201030,0
125,dingrengen,dingrengen,1,15,2020.4.15 2019.9.25,2020.4.15 2019.9.25,20190925,1
126,xuhanhua,xuhanhua,1,16,2018.12.24 2019.4.18,2018.12.24 2019.4.18,20181224,1
127,lujinzhou,lujinzhou,0,50,2018.10.23,2018.10.23,20181023,0
128,zhouxinsen,zhouxinsen,1,18,2018.9.12 2018.9.20,2018.9.12 2018.9.20,20180912,0
129,chengjindi,chengjindi,1,50,2022.8.30 2021.5.19 2020.12.15 2020.9.21 2018.4.9  2017.5.26 2017.4.20,2022.8.30 2021.5.19 2020.12.15 2020.9.21 2018.4.9 2017.4.20,20180409,0
130,lianmaoxi,lianmaoxi,1,7,2018.4.26,2018.4.26,20180426,1
131,qidongchu,qidongchu,1,1,2018.4.9,2018.4.9,20180409,1
132,wuxingkun,wuxingkun,1,3,2017.12.7 2018.3.5 2018.3.29 2018.4.8,2018.3.5 ,20180305,1
133,shenturonglian,shenturonglian,1,15,2018.12.18,2018.12.18,20181218,1
134,huliming,huliming,1,16,2018.8.14,2018.8.14,20180814,1
135,liuhuashui,liuhuashui,0,30,2020.6.19 2022.6.4,2020.6.19 2022.6.4,20200619,0
137,duzhiming,duzhiming,1,5,2020.6.28  2020.3.31  2020.1.5  2019.10.24  2019.7.11  2019.5.5,2019.5.5 2019.10.24 2020.3.31 2020.6.28,20200331,1
139,chengenshen,chengenshen,1,8,2020.9.11  2020.8.24,2020.8.24,20200824,1
140,panglingdi,panglingdi,0,18,2020.6.17 2020.9.1 2021.5.31 2021.6.28 2022.5.31,2020.6.17 2020.9.1 2021.5.31 2022.5.31,20210531,0
142,qinpeigen,qinpeigen,0,31,2018.3.8 2019.1.2 2020.5.9 2020.10.8 2023.1.3 2022.3.7,2018.3.8 2019.1.2 2020.5.9 2020.10.8 2022.3.7 2023.1.3 ,20201008,0
144,caodezong,caodezong,1,56,2018.9.28 2021.6.25,2018.9.28 2021.6.25,20210625,0
145,dingwenrui,dingwenrui,0,19,2021.7.8 2021.5.31, 2021.5.31 2021.07.08,20210531,0
146,linzhihui,linzhihui,0,21,2020.11.14 2021.3.16 2022.8.21 2022.11.11,2020.11.14 2021.3.16 2022.8.21 2022.11.11,20221111,0
147,fangzhiqian,fangzhiqian,1,13,2020.8.4 2021.8.4 2021.8.12 2021.9.6 2021.11.5,2020.8.4 2021.8.4  2021.11.5,20200804,1
148,caishifu,caishifu,1,30,2019.4.15 2019.5.8 2019.7.5 2019.9.27 2020.8.3 2021.7.9 2021.10.5 ,2019.4.15 2019.9.27 2020.8.3 2021.7.9,20200803,0
149,chiyinlin,chiyinlin,0,42,2022.8.1 2022.2.24 2021.4.16 2020.3.20 2019.6.3 , 2020.3.20 2021.4.16 2022.2.24 2022.8.1,20200320,0
151,yanjiesheng,yanjiesheng,0,43,2020.4.14 2020.4.2 2019.5.19 2019.5.5 ,2019.5.5 2020.4.14,20200414,0
152,yangchuan,yangchuan,1,20,2020.3.9 2019.4.29 2019.6.30 2020.11.15,2019.4.29 2020.3.9 2020.11.15,20190429,0
153,zhouyungen,zhouyungen,0,40,2023.2.27 2023.2.18 2022.5.22 2022.1.7 2021.12.7 2019.8.9,2019.8.9 2021.12.7 2022.1.7 2022.5.22 2023.2.18,20211207,0
154,jiangcheng,jiangcheng,1,27,2022.7.30 2021.3.15 2020.7.12 2020.6.30 2020.5.24 2020.4.20 2019.7.15 2018.7.23,2020.4.20 2020.7.12 2021.3.15 2022.7.30,20200712,0
158,zhoujinzhu,zhoujinzhu,0,19,2020.6.1 2020.6.28  2021.5.19 2021.6.24 2022.3.2 2022.3.8,2020.6.1 2021.5.19 2022.3.8,20210519,0
159,liyongfa,liyongfa,1,6,2019.9.17 2021.8.25 2022.3.4 2022.7.8,2019.9.17 2021.8.25 2022.3.4 2022.7.8,20220304,1
161,chenlifu,chenlifu,1,16,2019.11.19 2019.4.27£¨ÒÉËÆÖ»ÓÐ×Ý¸ô´°£©,2019.11.19 2019.4.27,20191119,1
162,yangxifa,yangxifa,0,53,2019.5.30 2023.3.12,2021.07.22 2023.3.12,20210722,0
163,tangrenyu,tangrenyu,0,30,2019.4.30 2020.6.17,2021.02.24 2022.02.12 2022.11.11,20210224,0
164,zhouqunyan,zhouqunyan,1,10,2018.6.12 2019.2.18 2019.9.14 2020.3.31 2020.5.11,2015.03.19 2018.6.12 2019.2.18 2019.9.14 2020.5.11,20190914,1
165,zhangxueqin,zhangxueqin,1,19,2018.11.29 2019.6.8 2019.9.11,2015.05.18 2019.03.09,20190309,0
166,liuweixiang,liuweixiang,1,35,2019.12.19 2021.3.7 2021.4.28,2020.12.03 2021.03.07,20201203,0
167,chuboying,chuboying,0,37,2019.11.1 2022.7.6 2022.7.18,2022.7.18,20220718,0
168,guzuhong,guzuhong,1,15,2020.9.11 2020.12.7 2021.11.30,2020.9.11 2020.12.7 2021.11.30,20200911,1
169,huawanxiang,huawanxiang,1,23,2017.8.28 2019.7.9 2019.7.15,2017.8.28 2019.7.15,20170828,0
170,guodengai,guodengai,0,19,2021.5.10,2021.5.10,20210510,0
171,wangligong,wangligong,1,2,2020.1.2 2021.12.17,2020.1.2 2021.12.17,20211217,1
172,shixuexing,shixuexing,0,41,2019.7.16 2020.7.7 2022.10.11,2019.7.16 2020.7.7 2022.10.11,20190716,0
174,xuquanhai,xuquanhai,1,12,2018.10.22 2018.12.17,2018.10.22 2018.12.17,20181022,1
175,xuchanghua,xuchanghua,1,25,2018.3.24 2018.8.17 2019.11.7 2020.5.11 2020.10.17,2018.3.24 2018.8.17 2019.11.7 2020.5.11 2020.10.17,20191107,0
176,jiangyongchao,jiangyongchao,1,1,2017.11.08 2019.2.15,2017.11.08 2019.2.15,20190214,1
